{
  "conf #3 req" : {
    "transaction" : "conf #3 req",
    "sampleCount" : 800,
    "errorCount" : 201,
    "errorPct" : 25.125,
    "meanResTime" : 737.2237499999994,
    "medianResTime" : 584.0,
    "minResTime" : 504.0,
    "maxResTime" : 9913.0,
    "pct1ResTime" : 1179.8,
    "pct2ResTime" : 1197.0,
    "pct3ResTime" : 1204.0,
    "throughput" : 0.16674806056372934,
    "receivedKBytesPerSec" : 0.03761601756857566,
    "sentKBytesPerSec" : 0.02678716402610691
  },
  "conf #2 req" : {
    "transaction" : "conf #2 req",
    "sampleCount" : 800,
    "errorCount" : 217,
    "errorPct" : 27.125,
    "meanResTime" : 884.0437499999996,
    "medianResTime" : 780.0,
    "minResTime" : 705.0,
    "maxResTime" : 9913.0,
    "pct1ResTime" : 1174.9,
    "pct2ResTime" : 1191.9499999999998,
    "pct3ResTime" : 1199.0,
    "throughput" : 0.16674128339098412,
    "receivedKBytesPerSec" : 0.03761448873370834,
    "sentKBytesPerSec" : 0.026786075310368057
  },
  "conf #1 req" : {
    "transaction" : "conf #1 req",
    "sampleCount" : 800,
    "errorCount" : 800,
    "errorPct" : 100.0,
    "meanResTime" : 1191.3899999999987,
    "medianResTime" : 1163.0,
    "minResTime" : 1103.0,
    "maxResTime" : 9913.0,
    "pct1ResTime" : 1191.0,
    "pct2ResTime" : 1193.0,
    "pct3ResTime" : 1205.0,
    "throughput" : 0.16672766120272334,
    "receivedKBytesPerSec" : 0.03761141575959872,
    "sentKBytesPerSec" : 0.026783886980320304
  },
  "Total" : {
    "transaction" : "Total",
    "sampleCount" : 2400,
    "errorCount" : 1218,
    "errorPct" : 50.75,
    "meanResTime" : 937.5524999999991,
    "medianResTime" : 1103.5,
    "minResTime" : 504.0,
    "maxResTime" : 9913.0,
    "pct1ResTime" : 1189.0,
    "pct2ResTime" : 1194.0,
    "pct3ResTime" : 1205.0,
    "throughput" : 0.50018298360817,
    "receivedKBytesPerSec" : 0.11283424727879617,
    "sentKBytesPerSec" : 0.08035166094096091
  }
}