{
  "conf #3 req" : {
    "transaction" : "conf #3 req",
    "sampleCount" : 4561,
    "errorCount" : 103,
    "errorPct" : 2.2582767,
    "meanResTime" : 3885.8427976320972,
    "medianResTime" : 3632.0,
    "minResTime" : 506.0,
    "maxResTime" : 25079.0,
    "pct1ResTime" : 5132.600000000005,
    "pct2ResTime" : 6088.9,
    "pct3ResTime" : 7460.0,
    "throughput" : 25.564997085332497,
    "receivedKBytesPerSec" : 5.768231429153962,
    "sentKBytesPerSec" : 4.119359881913928
  },
  "Total" : {
    "transaction" : "Total",
    "sampleCount" : 4561,
    "errorCount" : 103,
    "errorPct" : 2.2582767,
    "meanResTime" : 3885.8427976320972,
    "medianResTime" : 3632.0,
    "minResTime" : 506.0,
    "maxResTime" : 25079.0,
    "pct1ResTime" : 5132.600000000005,
    "pct2ResTime" : 6088.9,
    "pct3ResTime" : 7460.0,
    "throughput" : 25.564997085332497,
    "receivedKBytesPerSec" : 5.768231429153962,
    "sentKBytesPerSec" : 4.119359881913928
  }
}