{
  "conf #3 req" : {
    "transaction" : "conf #3 req",
    "sampleCount" : 2000,
    "errorCount" : 0,
    "errorPct" : 0.0,
    "meanResTime" : 1609.0295000000006,
    "medianResTime" : 1665.0,
    "minResTime" : 508.0,
    "maxResTime" : 14746.0,
    "pct1ResTime" : 1997.0,
    "pct2ResTime" : 2075.749999999999,
    "pct3ResTime" : 2273.91,
    "throughput" : 22.807357653579047,
    "receivedKBytesPerSec" : 5.145019158180429,
    "sentKBytesPerSec" : 3.675013684414592
  },
  "Total" : {
    "transaction" : "Total",
    "sampleCount" : 2000,
    "errorCount" : 0,
    "errorPct" : 0.0,
    "meanResTime" : 1609.0295000000006,
    "medianResTime" : 1665.0,
    "minResTime" : 508.0,
    "maxResTime" : 14746.0,
    "pct1ResTime" : 1997.0,
    "pct2ResTime" : 2075.749999999999,
    "pct3ResTime" : 2273.91,
    "throughput" : 22.807357653579047,
    "receivedKBytesPerSec" : 5.145019158180429,
    "sentKBytesPerSec" : 3.675013684414592
  }
}