{
  "conf #3 req" : {
    "transaction" : "conf #3 req",
    "sampleCount" : 200,
    "errorCount" : 0,
    "errorPct" : 0.0,
    "meanResTime" : 566.365,
    "medianResTime" : 567.5,
    "minResTime" : 504.0,
    "maxResTime" : 604.0,
    "pct1ResTime" : 601.0,
    "pct2ResTime" : 602.0,
    "pct3ResTime" : 603.0,
    "throughput" : 2.032768223767126,
    "receivedKBytesPerSec" : 0.4585639254787169,
    "sentKBytesPerSec" : 0.32754566105622634
  },
  "conf #2 req" : {
    "transaction" : "conf #2 req",
    "sampleCount" : 200,
    "errorCount" : 7,
    "errorPct" : 3.5,
    "meanResTime" : 763.3299999999999,
    "medianResTime" : 765.5,
    "minResTime" : 705.0,
    "maxResTime" : 804.0,
    "pct1ResTime" : 795.0,
    "pct2ResTime" : 797.0,
    "pct3ResTime" : 804.0,
    "throughput" : 2.028747349948774,
    "receivedKBytesPerSec" : 0.4576568728888348,
    "sentKBytesPerSec" : 0.32689776634916773
  },
  "conf #1 req" : {
    "transaction" : "conf #1 req",
    "sampleCount" : 200,
    "errorCount" : 200,
    "errorPct" : 100.0,
    "meanResTime" : 1161.0249999999996,
    "medianResTime" : 1163.5,
    "minResTime" : 1105.0,
    "maxResTime" : 1207.0,
    "pct1ResTime" : 1190.0,
    "pct2ResTime" : 1192.9,
    "pct3ResTime" : 1205.99,
    "throughput" : 2.020712301086133,
    "receivedKBytesPerSec" : 0.4558442788582976,
    "sentKBytesPerSec" : 0.3256030563273554
  },
  "Total" : {
    "transaction" : "Total",
    "sampleCount" : 600,
    "errorCount" : 207,
    "errorPct" : 34.5,
    "meanResTime" : 830.2400000000001,
    "medianResTime" : 765.5,
    "minResTime" : 504.0,
    "maxResTime" : 1207.0,
    "pct1ResTime" : 1180.0,
    "pct2ResTime" : 1189.0,
    "pct3ResTime" : 1205.0,
    "throughput" : 6.0621369032583985,
    "receivedKBytesPerSec" : 1.3675328365748927,
    "sentKBytesPerSec" : 0.9768091689820663
  }
}